{
 "chain_iptm": [
  0.73,
  0.74,
  0.74,
  0.73,
  0.39,
  0.38,
  0.52,
  0.5,
  0.22,
  0.22,
  0.21
 ],
 "chain_pair_iptm": [
  [
   0.88,
   0.9,
   0.87,
   0.91,
   0.71,
   0.63,
   0.91,
   0.87,
   0.55,
   0.5,
   0.5
  ],
  [
   0.9,
   0.88,
   0.9,
   0.87,
   0.72,
   0.68,
   0.9,
   0.87,
   0.56,
   0.54,
   0.48
  ],
  [
   0.87,
   0.9,
   0.88,
   0.9,
   0.66,
   0.71,
   0.91,
   0.87,
   0.52,
   0.56,
   0.52
  ],
  [
   0.91,
   0.87,
   0.9,
   0.88,
   0.64,
   0.64,
   0.91,
   0.87,
   0.51,
   0.53,
   0.55
  ],
  [
   0.71,
   0.72,
   0.66,
   0.64,
   null,
   null,
   null,
   null,
   0.01,
   0.0,
   0.0
  ],
  [
   0.63,
   0.68,
   0.71,
   0.64,
   null,
   null,
   null,
   null,
   0.0,
   0.01,
   0.0
  ],
  [
   0.91,
   0.9,
   0.91,
   0.91,
   null,
   null,
   null,
   null,
   0.0,
   0.0,
   0.0
  ],
  [
   0.87,
   0.87,
   0.87,
   0.87,
   null,
   null,
   null,
   null,
   0.0,
   0.0,
   0.0
  ],
  [
   0.55,
   0.56,
   0.52,
   0.51,
   0.01,
   0.0,
   0.0,
   0.0,
   0.02,
   0.0,
   0.0
  ],
  [
   0.5,
   0.54,
   0.56,
   0.53,
   0.0,
   0.01,
   0.0,
   0.0,
   0.0,
   0.02,
   0.0
  ],
  [
   0.5,
   0.48,
   0.52,
   0.55,
   0.0,
   0.0,
   0.0,
   0.0,
   0.0,
   0.0,
   0.02
  ]
 ],
 "chain_pair_pae_min": [
  [
   0.76,
   0.91,
   1.08,
   0.88,
   4.65,
   5.75,
   1.13,
   1.42,
   3.09,
   4.09,
   4.71
  ],
  [
   0.89,
   0.76,
   0.91,
   1.08,
   4.44,
   5.44,
   1.15,
   1.43,
   2.9,
   3.61,
   4.9
  ],
  [
   1.09,
   0.89,
   0.76,
   0.92,
   5.2,
   5.02,
   1.13,
   1.44,
   3.88,
   3.03,
   3.99
  ],
  [
   0.9,
   1.08,
   0.9,
   0.76,
   5.0,
   5.64,
   1.13,
   1.42,
   3.71,
   3.92,
   3.58
  ],
  [
   null,
   null,
   null,
   null,
   null,
   null,
   null,
   null,
   null,
   null,
   null
  ],
  [
   null,
   null,
   null,
   null,
   null,
   null,
   null,
   null,
   null,
   null,
   null
  ],
  [
   null,
   null,
   null,
   null,
   null,
   null,
   null,
   null,
   null,
   null,
   null
  ],
  [
   null,
   null,
   null,
   null,
   null,
   null,
   null,
   null,
   null,
   null,
   null
  ],
  [
   4.08,
   3.82,
   6.73,
   7.63,
   7.03,
   9.35,
   7.07,
   8.68,
   0.96,
   9.16,
   9.92
  ],
  [
   6.98,
   3.98,
   3.57,
   6.56,
   9.07,
   7.35,
   7.08,
   8.33,
   8.75,
   0.94,
   8.83
  ],
  [
   6.89,
   7.28,
   4.02,
   3.48,
   10.81,
   9.33,
   7.51,
   8.53,
   9.96,
   7.69,
   0.94
  ]
 ],
 "chain_ptm": [
  0.88,
  0.88,
  0.88,
  0.88,
  null,
  null,
  null,
  null,
  0.02,
  0.02,
  0.02
 ],
 "fraction_disordered": 0.0,
 "has_clash": 0.0,
 "iptm": 0.92,
 "num_recycles": 10.0,
 "ptm": 0.93,
 "ranking_score": 0.92
}