{
 "chain_iptm": [
  0.77,
  0.77,
  0.78,
  0.78,
  0.41,
  0.4,
  0.52,
  0.5,
  0.26,
  0.25,
  0.25
 ],
 "chain_pair_iptm": [
  [
   0.89,
   0.91,
   0.87,
   0.91,
   0.76,
   0.65,
   0.91,
   0.88,
   0.7,
   0.56,
   0.59
  ],
  [
   0.91,
   0.89,
   0.91,
   0.87,
   0.69,
   0.7,
   0.91,
   0.87,
   0.61,
   0.63,
   0.57
  ],
  [
   0.87,
   0.91,
   0.88,
   0.91,
   0.67,
   0.74,
   0.91,
   0.87,
   0.59,
   0.68,
   0.64
  ],
  [
   0.91,
   0.87,
   0.91,
   0.88,
   0.73,
   0.67,
   0.91,
   0.87,
   0.66,
   0.59,
   0.67
  ],
  [
   0.76,
   0.69,
   0.67,
   0.73,
   null,
   null,
   null,
   null,
   0.01,
   0.0,
   0.0
  ],
  [
   0.65,
   0.7,
   0.74,
   0.67,
   null,
   null,
   null,
   null,
   0.0,
   0.01,
   0.0
  ],
  [
   0.91,
   0.91,
   0.91,
   0.91,
   null,
   null,
   null,
   null,
   0.01,
   0.0,
   0.01
  ],
  [
   0.88,
   0.87,
   0.87,
   0.87,
   null,
   null,
   null,
   null,
   0.0,
   0.0,
   0.0
  ],
  [
   0.7,
   0.61,
   0.59,
   0.66,
   0.01,
   0.0,
   0.01,
   0.0,
   0.02,
   0.0,
   0.0
  ],
  [
   0.56,
   0.63,
   0.68,
   0.59,
   0.0,
   0.01,
   0.0,
   0.0,
   0.0,
   0.02,
   0.0
  ],
  [
   0.59,
   0.57,
   0.64,
   0.67,
   0.0,
   0.0,
   0.01,
   0.0,
   0.0,
   0.0,
   0.02
  ]
 ],
 "chain_pair_pae_min": [
  [
   0.76,
   0.9,
   1.08,
   0.88,
   4.07,
   5.62,
   1.1,
   1.37,
   2.36,
   3.87,
   4.12
  ],
  [
   0.89,
   0.76,
   0.9,
   1.09,
   4.8,
   5.1,
   1.11,
   1.38,
   3.48,
   2.94,
   4.23
  ],
  [
   1.1,
   0.9,
   0.76,
   0.9,
   4.65,
   4.7,
   1.1,
   1.38,
   3.61,
   2.5,
   3.09
  ],
  [
   0.9,
   1.1,
   0.89,
   0.76,
   4.54,
   5.44,
   1.1,
   1.38,
   2.7,
   3.5,
   2.82
  ],
  [
   null,
   null,
   null,
   null,
   null,
   null,
   null,
   null,
   null,
   null,
   null
  ],
  [
   null,
   null,
   null,
   null,
   null,
   null,
   null,
   null,
   null,
   null,
   null
  ],
  [
   null,
   null,
   null,
   null,
   null,
   null,
   null,
   null,
   null,
   null,
   null
  ],
  [
   null,
   null,
   null,
   null,
   null,
   null,
   null,
   null,
   null,
   null,
   null
  ],
  [
   2.88,
   5.83,
   5.92,
   3.16,
   6.36,
   10.49,
   5.44,
   6.97,
   0.92,
   8.88,
   6.86
  ],
  [
   6.08,
   3.8,
   2.96,
   5.64,
   9.96,
   6.87,
   5.81,
   7.13,
   8.76,
   0.92,
   6.85
  ],
  [
   5.34,
   6.0,
   3.57,
   3.1,
   8.25,
   8.96,
   5.66,
   6.97,
   6.79,
   6.88,
   0.92
  ]
 ],
 "chain_ptm": [
  0.89,
  0.89,
  0.88,
  0.88,
  null,
  null,
  null,
  null,
  0.02,
  0.02,
  0.02
 ],
 "fraction_disordered": 0.0,
 "has_clash": 0.0,
 "iptm": 0.93,
 "num_recycles": 10.0,
 "ptm": 0.94,
 "ranking_score": 0.93
}