{
 "chain_iptm": [
  0.77,
  0.77,
  0.78,
  0.77,
  0.41,
  0.4,
  0.52,
  0.5,
  0.25,
  0.25,
  0.24
 ],
 "chain_pair_iptm": [
  [
   0.89,
   0.91,
   0.87,
   0.91,
   0.73,
   0.67,
   0.91,
   0.88,
   0.65,
   0.57,
   0.57
  ],
  [
   0.91,
   0.88,
   0.91,
   0.87,
   0.76,
   0.65,
   0.91,
   0.87,
   0.68,
   0.64,
   0.55
  ],
  [
   0.87,
   0.91,
   0.88,
   0.91,
   0.69,
   0.72,
   0.91,
   0.88,
   0.61,
   0.67,
   0.62
  ],
  [
   0.91,
   0.87,
   0.91,
   0.89,
   0.67,
   0.74,
   0.91,
   0.88,
   0.58,
   0.6,
   0.65
  ],
  [
   0.73,
   0.76,
   0.69,
   0.67,
   null,
   null,
   null,
   null,
   0.01,
   0.0,
   0.0
  ],
  [
   0.67,
   0.65,
   0.72,
   0.74,
   null,
   null,
   null,
   null,
   0.0,
   0.0,
   0.01
  ],
  [
   0.91,
   0.91,
   0.91,
   0.91,
   null,
   null,
   null,
   null,
   0.0,
   0.0,
   0.01
  ],
  [
   0.88,
   0.87,
   0.88,
   0.88,
   null,
   null,
   null,
   null,
   0.0,
   0.0,
   0.0
  ],
  [
   0.65,
   0.68,
   0.61,
   0.58,
   0.01,
   0.0,
   0.0,
   0.0,
   0.02,
   0.0,
   0.0
  ],
  [
   0.57,
   0.64,
   0.67,
   0.6,
   0.0,
   0.0,
   0.0,
   0.0,
   0.0,
   0.02,
   0.0
  ],
  [
   0.57,
   0.55,
   0.62,
   0.65,
   0.0,
   0.01,
   0.01,
   0.0,
   0.0,
   0.0,
   0.02
  ]
 ],
 "chain_pair_pae_min": [
  [
   0.76,
   0.89,
   1.09,
   0.89,
   4.39,
   5.35,
   1.08,
   1.37,
   2.54,
   3.75,
   4.04
  ],
  [
   0.88,
   0.76,
   0.9,
   1.07,
   4.07,
   5.38,
   1.11,
   1.38,
   2.41,
   2.7,
   4.08
  ],
  [
   1.08,
   0.9,
   0.76,
   0.89,
   4.75,
   4.9,
   1.08,
   1.37,
   3.39,
   2.61,
   2.97
  ],
  [
   0.89,
   1.11,
   0.91,
   0.76,
   4.61,
   4.69,
   1.1,
   1.37,
   3.4,
   3.52,
   2.92
  ],
  [
   null,
   null,
   null,
   null,
   null,
   null,
   null,
   null,
   null,
   null,
   null
  ],
  [
   null,
   null,
   null,
   null,
   null,
   null,
   null,
   null,
   null,
   null,
   null
  ],
  [
   null,
   null,
   null,
   null,
   null,
   null,
   null,
   null,
   null,
   null,
   null
  ],
  [
   null,
   null,
   null,
   null,
   null,
   null,
   null,
   null,
   null,
   null,
   null
  ],
  [
   3.82,
   3.42,
   6.47,
   7.06,
   6.56,
   10.72,
   6.21,
   7.52,
   0.95,
   7.83,
   9.53
  ],
  [
   6.32,
   3.69,
   3.35,
   5.66,
   8.82,
   8.59,
   6.18,
   7.24,
   7.05,
   0.92,
   7.46
  ],
  [
   6.1,
   6.1,
   3.54,
   3.34,
   9.92,
   6.45,
   6.08,
   7.32,
   8.89,
   6.9,
   0.92
  ]
 ],
 "chain_ptm": [
  0.89,
  0.88,
  0.88,
  0.89,
  null,
  null,
  null,
  null,
  0.02,
  0.02,
  0.02
 ],
 "fraction_disordered": 0.0,
 "has_clash": 0.0,
 "iptm": 0.93,
 "num_recycles": 10.0,
 "ptm": 0.94,
 "ranking_score": 0.93
}