{
 "chain_iptm": [
  0.74,
  0.74,
  0.75,
  0.75,
  0.4,
  0.39,
  0.52,
  0.5,
  0.22,
  0.21,
  0.22
 ],
 "chain_pair_iptm": [
  [
   0.88,
   0.91,
   0.87,
   0.91,
   0.75,
   0.64,
   0.91,
   0.88,
   0.58,
   0.49,
   0.52
  ],
  [
   0.91,
   0.88,
   0.9,
   0.87,
   0.68,
   0.69,
   0.91,
   0.87,
   0.53,
   0.54,
   0.51
  ],
  [
   0.87,
   0.9,
   0.88,
   0.9,
   0.66,
   0.73,
   0.91,
   0.87,
   0.53,
   0.56,
   0.55
  ],
  [
   0.91,
   0.87,
   0.9,
   0.88,
   0.71,
   0.65,
   0.91,
   0.88,
   0.57,
   0.52,
   0.57
  ],
  [
   0.75,
   0.68,
   0.66,
   0.71,
   null,
   null,
   null,
   null,
   0.01,
   0.0,
   0.0
  ],
  [
   0.64,
   0.69,
   0.73,
   0.65,
   null,
   null,
   null,
   null,
   0.0,
   0.01,
   0.0
  ],
  [
   0.91,
   0.91,
   0.91,
   0.91,
   null,
   null,
   null,
   null,
   0.0,
   0.0,
   0.0
  ],
  [
   0.88,
   0.87,
   0.87,
   0.88,
   null,
   null,
   null,
   null,
   0.0,
   0.0,
   0.0
  ],
  [
   0.58,
   0.53,
   0.53,
   0.57,
   0.01,
   0.0,
   0.0,
   0.0,
   0.02,
   0.0,
   0.0
  ],
  [
   0.49,
   0.54,
   0.56,
   0.52,
   0.0,
   0.01,
   0.0,
   0.0,
   0.0,
   0.02,
   0.0
  ],
  [
   0.52,
   0.51,
   0.55,
   0.57,
   0.0,
   0.0,
   0.0,
   0.0,
   0.0,
   0.0,
   0.02
  ]
 ],
 "chain_pair_pae_min": [
  [
   0.76,
   0.9,
   1.07,
   0.88,
   4.06,
   5.47,
   1.09,
   1.39,
   3.07,
   4.79,
   4.73
  ],
  [
   0.89,
   0.76,
   0.9,
   1.08,
   4.84,
   5.16,
   1.1,
   1.4,
   4.03,
   4.09,
   4.81
  ],
  [
   1.09,
   0.9,
   0.76,
   0.92,
   4.61,
   4.91,
   1.09,
   1.39,
   4.12,
   3.23,
   4.06
  ],
  [
   0.9,
   1.1,
   0.9,
   0.76,
   4.48,
   5.5,
   1.09,
   1.39,
   3.33,
   4.54,
   3.3
  ],
  [
   null,
   null,
   null,
   null,
   null,
   null,
   null,
   null,
   null,
   null,
   null
  ],
  [
   null,
   null,
   null,
   null,
   null,
   null,
   null,
   null,
   null,
   null,
   null
  ],
  [
   null,
   null,
   null,
   null,
   null,
   null,
   null,
   null,
   null,
   null,
   null
  ],
  [
   null,
   null,
   null,
   null,
   null,
   null,
   null,
   null,
   null,
   null,
   null
  ],
  [
   3.63,
   6.61,
   7.54,
   4.08,
   6.5,
   12.05,
   6.89,
   8.57,
   0.97,
   9.97,
   8.3
  ],
  [
   7.81,
   4.71,
   4.03,
   6.84,
   12.11,
   7.15,
   7.6,
   9.21,
   10.58,
   0.95,
   8.52
  ],
  [
   6.1,
   7.05,
   3.86,
   3.57,
   9.19,
   9.78,
   7.26,
   8.39,
   8.5,
   7.41,
   0.93
  ]
 ],
 "chain_ptm": [
  0.88,
  0.88,
  0.88,
  0.88,
  null,
  null,
  null,
  null,
  0.02,
  0.02,
  0.02
 ],
 "fraction_disordered": 0.0,
 "has_clash": 0.0,
 "iptm": 0.92,
 "num_recycles": 10.0,
 "ptm": 0.93,
 "ranking_score": 0.92
}