{
 "chain_iptm": [
  0.77,
  0.78,
  0.78,
  0.78,
  0.42,
  0.41,
  0.52,
  0.5,
  0.25,
  0.25,
  0.25
 ],
 "chain_pair_iptm": [
  [
   0.89,
   0.91,
   0.88,
   0.91,
   0.75,
   0.68,
   0.91,
   0.88,
   0.64,
   0.57,
   0.59
  ],
  [
   0.91,
   0.89,
   0.91,
   0.88,
   0.79,
   0.67,
   0.91,
   0.88,
   0.67,
   0.63,
   0.56
  ],
  [
   0.88,
   0.91,
   0.89,
   0.91,
   0.72,
   0.73,
   0.91,
   0.88,
   0.61,
   0.65,
   0.62
  ],
  [
   0.91,
   0.88,
   0.91,
   0.89,
   0.69,
   0.77,
   0.91,
   0.88,
   0.59,
   0.6,
   0.66
  ],
  [
   0.75,
   0.79,
   0.72,
   0.69,
   null,
   null,
   null,
   null,
   0.01,
   0.0,
   0.0
  ],
  [
   0.68,
   0.67,
   0.73,
   0.77,
   null,
   null,
   null,
   null,
   0.0,
   0.0,
   0.01
  ],
  [
   0.91,
   0.91,
   0.91,
   0.91,
   null,
   null,
   null,
   null,
   0.01,
   0.01,
   0.01
  ],
  [
   0.88,
   0.88,
   0.88,
   0.88,
   null,
   null,
   null,
   null,
   0.0,
   0.0,
   0.0
  ],
  [
   0.64,
   0.67,
   0.61,
   0.59,
   0.01,
   0.0,
   0.01,
   0.0,
   0.02,
   0.0,
   0.0
  ],
  [
   0.57,
   0.63,
   0.65,
   0.6,
   0.0,
   0.0,
   0.01,
   0.0,
   0.0,
   0.02,
   0.0
  ],
  [
   0.59,
   0.56,
   0.62,
   0.66,
   0.0,
   0.01,
   0.01,
   0.0,
   0.0,
   0.0,
   0.02
  ]
 ],
 "chain_pair_pae_min": [
  [
   0.76,
   0.88,
   1.02,
   0.85,
   3.97,
   5.01,
   1.08,
   1.35,
   2.56,
   3.43,
   3.78
  ],
  [
   0.86,
   0.76,
   0.9,
   1.03,
   3.62,
   5.0,
   1.1,
   1.37,
   2.36,
   2.54,
   4.02
  ],
  [
   1.03,
   0.86,
   0.76,
   0.88,
   4.21,
   4.58,
   1.09,
   1.38,
   3.15,
   2.48,
   2.87
  ],
  [
   0.87,
   1.03,
   0.86,
   0.76,
   4.31,
   4.22,
   1.09,
   1.35,
   3.14,
   3.29,
   2.68
  ],
  [
   null,
   null,
   null,
   null,
   null,
   null,
   null,
   null,
   null,
   null,
   null
  ],
  [
   null,
   null,
   null,
   null,
   null,
   null,
   null,
   null,
   null,
   null,
   null
  ],
  [
   null,
   null,
   null,
   null,
   null,
   null,
   null,
   null,
   null,
   null,
   null
  ],
  [
   null,
   null,
   null,
   null,
   null,
   null,
   null,
   null,
   null,
   null,
   null
  ],
  [
   3.31,
   3.06,
   5.44,
   6.0,
   5.9,
   9.85,
   5.51,
   6.82,
   0.95,
   7.05,
   8.53
  ],
  [
   5.46,
   3.14,
   2.66,
   4.73,
   7.83,
   7.81,
   5.12,
   6.2,
   6.71,
   0.92,
   7.07
  ],
  [
   4.91,
   5.83,
   3.24,
   2.54,
   8.8,
   5.81,
   5.4,
   6.49,
   7.73,
   6.56,
   0.92
  ]
 ],
 "chain_ptm": [
  0.89,
  0.89,
  0.89,
  0.89,
  null,
  null,
  null,
  null,
  0.02,
  0.02,
  0.02
 ],
 "fraction_disordered": 0.0,
 "has_clash": 0.0,
 "iptm": 0.93,
 "num_recycles": 10.0,
 "ptm": 0.94,
 "ranking_score": 0.93
}